;Chapter ID;Chapter Type;Function ID;Function Type;Hazard ID;Hazard Type;Cause ID;Cause Type;Measure ID;Measure Type
0;563430;Chapter;569143;Function;561941;Hazard;561942;Cause;561943;Measure
1;563430;Chapter;569143;Function;561944;Hazard;561947;Cause;561949;Measure
2;563430;Chapter;569143;Function;561944;Hazard;561950;Cause;561951;Measure
3;563431;Chapter;564254;Function;564255;Hazard;564256;Cause;564257;Measure
4;563431;Chapter;564254;Function;564255;Hazard;564256;Cause;564258;Measure
5;563431;Chapter;564254;Function;564255;Hazard;564256;Cause;564259;Measure
6;563431;Chapter;564254;Function;564255;Hazard;564267;Cause;564260;Measure
7;563431;Chapter;564254;Function;564255;Hazard;571858;Cause;571859;Measure
8;563431;Chapter;564254;Function;564255;Hazard;564268;Cause;564261;Measure
9;563431;Chapter;564254;Function;564255;Hazard;564268;Cause;577242;Measure
10;563431;Chapter;564254;Function;564255;Hazard;571860;Cause;571861;Measure
11;563431;Chapter;564254;Function;564255;Hazard;564269;Cause;564262;Measure
12;563431;Chapter;564254;Function;564255;Hazard;564269;Cause;564263;Measure
13;563431;Chapter;564254;Function;564255;Hazard;564270;Cause;564265;Measure
14;563431;Chapter;564254;Function;564255;Hazard;564270;Cause;564264;Measure
15;563431;Chapter;564254;Function;577220;Hazard;577236;Cause;577237;Measure
16;563431;Chapter;564254;Function;577220;Hazard;577236;Cause;577241;Measure
17;563431;Chapter;564254;Function;577220;Hazard;577236;Cause;577238;Measure
18;563431;Chapter;564254;Function;577220;Hazard;577236;Cause;577239;Measure
19;563431;Chapter;564254;Function;577220;Hazard;577236;Cause;577240;Measure
20;563431;Chapter;564254;Function;569265;Hazard;569264;Cause;564347;Measure
21;563431;Chapter;564254;Function;569265;Hazard;569264;Cause;569266;Measure
22;563431;Chapter;564254;Function;569291;Hazard;569292;Cause;568840;Measure
23;564113;Chapter;564112;Function;564114;Hazard;564115;Cause;564116;Measure
24;564113;Chapter;564112;Function;564114;Hazard;564115;Cause;562463;Measure
25;564113;Chapter;564112;Function;564114;Hazard;564115;Cause;569215;Measure
26;564113;Chapter;564112;Function;564114;Hazard;564115;Cause;564118;Measure
27;564113;Chapter;564112;Function;564114;Hazard;564115;Cause;564119;Measure
28;564113;Chapter;564112;Function;564114;Hazard;564115;Cause;564120;Measure
29;564113;Chapter;564112;Function;564114;Hazard;564115;Cause;564121;Measure
30;564113;Chapter;564112;Function;564114;Hazard;564115;Cause;564122;Measure
31;564113;Chapter;564112;Function;564114;Hazard;564115;Cause;564123;Measure
32;564113;Chapter;564112;Function;564114;Hazard;564115;Cause;564124;Measure
33;564113;Chapter;564112;Function;564114;Hazard;564115;Cause;564125;Measure
34;564113;Chapter;564112;Function;564114;Hazard;571907;Cause;571908;Measure
35;564113;Chapter;564112;Function;564114;Hazard;571907;Cause;578162;Measure
36;564113;Chapter;564112;Function;564114;Hazard;571907;Cause;571909;Measure
37;564113;Chapter;564112;Function;564114;Hazard;571907;Cause;571910;Measure
38;564113;Chapter;564112;Function;564114;Hazard;571911;Cause;571914;Measure
39;564113;Chapter;564112;Function;564114;Hazard;571911;Cause;571912;Measure
40;564113;Chapter;564112;Function;564114;Hazard;571911;Cause;571913;Measure
41;564113;Chapter;564112;Function;564114;Hazard;578308;Cause;578309;Measure
42;564113;Chapter;564112;Function;564114;Hazard;578308;Cause;571915;Measure
43;563429;Chapter;563478;Function;563479;Hazard;563480;Cause;562344;Measure
44;563429;Chapter;563478;Function;563479;Hazard;563480;Cause;562378;Measure
45;563429;Chapter;563478;Function;563479;Hazard;563480;Cause;562377;Measure
46;563429;Chapter;563478;Function;563479;Hazard;563480;Cause;562345;Measure
47;563429;Chapter;563478;Function;563479;Hazard;571863;Cause;571864;Measure
48;563429;Chapter;563478;Function;563479;Hazard;571863;Cause;571866;Measure
49;563429;Chapter;563478;Function;563479;Hazard;571863;Cause;578161;Measure
50;563429;Chapter;563478;Function;563479;Hazard;571863;Cause;578307;Measure
51;563429;Chapter;563478;Function;569274;Hazard;569275;Cause;564352;Measure
52;563429;Chapter;563478;Function;569274;Hazard;569297;Cause;568860;Measure
53;563628;Chapter;563631;Function;563627;Hazard;563629;Cause;561959;Measure
54;563628;Chapter;563631;Function;578748;Hazard;578749;Cause;578750;Measure
55;563628;Chapter;563631;Function;597002;Hazard;597003;Cause;597004;Measure
56;563628;Chapter;563631;Function;597002;Hazard;597003;Cause;597005;Measure
57;563628;Chapter;563631;Function;597002;Hazard;597003;Cause;597007;Measure
58;563628;Chapter;563631;Function;597002;Hazard;597003;Cause;597011;Measure
59;563628;Chapter;563631;Function;597013;Hazard;597014;Cause;597019;Measure
60;563438;Chapter;563475;Function;562459;Hazard;562462;Cause;563485;Measure
61;563438;Chapter;563475;Function;562459;Hazard;562462;Cause;578331;Measure
62;563438;Chapter;563475;Function;562459;Hazard;562462;Cause;578316;Measure
63;563438;Chapter;563475;Function;562459;Hazard;562462;Cause;578332;Measure
64;563438;Chapter;563475;Function;562459;Hazard;562462;Cause;563488;Measure
65;563438;Chapter;563475;Function;562459;Hazard;562462;Cause;578291;Measure
66;563438;Chapter;563475;Function;562459;Hazard;562462;Cause;578358;Measure
67;563438;Chapter;563475;Function;562459;Hazard;562462;Cause;571916;Measure
68;563438;Chapter;563475;Function;562459;Hazard;562462;Cause;563493;Measure
69;563438;Chapter;563475;Function;562459;Hazard;562462;Cause;563494;Measure
70;563438;Chapter;563475;Function;562459;Hazard;562462;Cause;563495;Measure
71;563438;Chapter;563475;Function;562459;Hazard;571868;Cause;571869;Measure
72;563438;Chapter;563475;Function;562459;Hazard;571868;Cause;571870;Measure
73;563438;Chapter;563475;Function;562459;Hazard;571868;Cause;578163;Measure
74;563438;Chapter;563475;Function;562459;Hazard;571868;Cause;578164;Measure
75;563438;Chapter;563475;Function;562459;Hazard;571868;Cause;595374;Measure
76;563438;Chapter;563475;Function;562459;Hazard;571872;Cause;571874;Measure
77;563438;Chapter;563475;Function;562459;Hazard;571872;Cause;571873;Measure
78;563438;Chapter;563475;Function;562459;Hazard;571872;Cause;571876;Measure
79;563438;Chapter;563475;Function;562459;Hazard;571872;Cause;563492;Measure
80;563438;Chapter;563475;Function;562459;Hazard;563645;Cause;563646;Measure
81;563438;Chapter;563475;Function;562459;Hazard;563645;Cause;578359;Measure
82;563438;Chapter;563475;Function;562459;Hazard;563622;Cause;563625;Measure
83;563438;Chapter;563475;Function;562459;Hazard;563622;Cause;599924;Measure
84;563438;Chapter;563475;Function;562459;Hazard;563636;Cause;563638;Measure
85;563438;Chapter;563475;Function;562459;Hazard;563636;Cause;563639;Measure
86;563438;Chapter;563475;Function;562459;Hazard;563636;Cause;563640;Measure
87;563438;Chapter;563475;Function;562459;Hazard;563636;Cause;563641;Measure
88;563438;Chapter;563475;Function;562459;Hazard;563636;Cause;563642;Measure
89;563438;Chapter;563475;Function;562459;Hazard;563636;Cause;563643;Measure
90;563438;Chapter;563475;Function;562459;Hazard;563636;Cause;563644;Measure
91;563438;Chapter;563475;Function;562459;Hazard;563674;Cause;563676;Measure
92;563438;Chapter;563475;Function;562459;Hazard;563679;Cause;563680;Measure
93;563438;Chapter;563475;Function;562459;Hazard;563679;Cause;563681;Measure
94;563438;Chapter;563475;Function;562459;Hazard;563679;Cause;563682;Measure
95;563438;Chapter;563475;Function;562459;Hazard;571877;Cause;571878;Measure
96;563438;Chapter;563475;Function;562459;Hazard;571877;Cause;578166;Measure
97;563438;Chapter;563475;Function;562459;Hazard;571877;Cause;571879;Measure
98;563438;Chapter;563475;Function;562459;Hazard;571877;Cause;571880;Measure
99;563438;Chapter;563475;Function;562459;Hazard;571877;Cause;578165;Measure
100;563438;Chapter;563475;Function;562459;Hazard;580816;Cause;596883;Measure
101;563438;Chapter;563475;Function;562459;Hazard;563720;Cause;563719;Measure
102;563438;Chapter;563475;Function;562459;Hazard;563720;Cause;563722;Measure
103;563438;Chapter;563475;Function;562459;Hazard;563720;Cause;563723;Measure
104;563438;Chapter;563475;Function;562459;Hazard;563720;Cause;576754;Measure
105;563438;Chapter;563475;Function;562459;Hazard;571893;Cause;571894;Measure
106;563438;Chapter;563475;Function;562459;Hazard;571893;Cause;578167;Measure
107;563438;Chapter;563475;Function;562459;Hazard;571893;Cause;571895;Measure
108;563438;Chapter;563475;Function;562459;Hazard;571893;Cause;571896;Measure
109;563438;Chapter;563475;Function;562459;Hazard;571893;Cause;578168;Measure
110;563438;Chapter;563475;Function;562459;Hazard;571881;Cause;571882;Measure
111;563438;Chapter;563475;Function;562459;Hazard;571881;Cause;571883;Measure
112;563438;Chapter;563475;Function;562459;Hazard;563747;Cause;563748;Measure
113;563438;Chapter;563475;Function;562459;Hazard;563747;Cause;563749;Measure
114;563438;Chapter;563475;Function;562459;Hazard;563747;Cause;563750;Measure
115;563438;Chapter;563475;Function;562459;Hazard;571884;Cause;571885;Measure
116;563438;Chapter;563475;Function;562459;Hazard;571884;Cause;578169;Measure
117;563438;Chapter;563475;Function;562459;Hazard;571884;Cause;571886;Measure
118;563438;Chapter;563475;Function;562459;Hazard;571884;Cause;578170;Measure
119;563438;Chapter;563475;Function;562459;Hazard;571884;Cause;571887;Measure
120;563438;Chapter;563475;Function;562459;Hazard;571884;Cause;576755;Measure
121;563438;Chapter;563475;Function;562459;Hazard;571884;Cause;576756;Measure
122;563438;Chapter;563475;Function;562459;Hazard;563758;Cause;563759;Measure
123;563438;Chapter;563475;Function;562459;Hazard;563758;Cause;563760;Measure
124;563438;Chapter;563475;Function;562459;Hazard;563758;Cause;563761;Measure
125;563438;Chapter;563475;Function;562459;Hazard;563758;Cause;563762;Measure
126;563438;Chapter;563475;Function;562459;Hazard;563763;Cause;563765;Measure
127;563438;Chapter;563475;Function;563725;Hazard;563726;Cause;563727;Measure
128;563438;Chapter;563475;Function;563725;Hazard;563726;Cause;563728;Measure
129;563438;Chapter;563475;Function;563725;Hazard;563726;Cause;563729;Measure
130;563438;Chapter;563475;Function;563725;Hazard;563726;Cause;563730;Measure
131;563438;Chapter;563475;Function;563725;Hazard;571888;Cause;571889;Measure
132;563438;Chapter;563475;Function;563725;Hazard;571888;Cause;578171;Measure
133;563438;Chapter;563475;Function;563725;Hazard;571888;Cause;571890;Measure
134;563438;Chapter;563475;Function;563725;Hazard;571888;Cause;571891;Measure
135;563438;Chapter;563475;Function;563725;Hazard;571888;Cause;578172;Measure
136;563438;Chapter;563475;Function;563725;Hazard;563731;Cause;563732;Measure
137;563438;Chapter;563475;Function;563725;Hazard;563733;Cause;563734;Measure
138;563438;Chapter;563475;Function;563725;Hazard;563733;Cause;563735;Measure
139;563438;Chapter;563475;Function;563725;Hazard;563733;Cause;563770;Measure
140;563438;Chapter;563475;Function;563725;Hazard;563733;Cause;578343;Measure
141;563438;Chapter;563475;Function;563725;Hazard;563733;Cause;596712;Measure
142;563438;Chapter;563475;Function;563725;Hazard;563736;Cause;563737;Measure
143;563438;Chapter;563475;Function;563725;Hazard;563766;Cause;563767;Measure
144;563438;Chapter;563475;Function;563725;Hazard;563766;Cause;563768;Measure
145;563438;Chapter;563475;Function;563725;Hazard;580818;Cause;580819;Measure
146;563438;Chapter;563475;Function;563632;Hazard;563633;Cause;563634;Measure
147;563438;Chapter;563475;Function;563632;Hazard;563633;Cause;563635;Measure
148;563438;Chapter;563475;Function;563632;Hazard;563633;Cause;569307;Measure
149;563438;Chapter;563475;Function;563632;Hazard;563633;Cause;569308;Measure
150;563438;Chapter;563475;Function;563632;Hazard;563647;Cause;563648;Measure
151;563438;Chapter;563475;Function;563632;Hazard;563647;Cause;563650;Measure
152;563438;Chapter;563475;Function;563632;Hazard;563647;Cause;563651;Measure
153;563438;Chapter;563475;Function;563632;Hazard;563647;Cause;564191;Measure
154;563438;Chapter;563475;Function;563632;Hazard;563647;Cause;563652;Measure
155;563438;Chapter;563475;Function;563632;Hazard;563647;Cause;563655;Measure
156;563438;Chapter;563475;Function;563632;Hazard;563647;Cause;563654;Measure
157;563438;Chapter;563475;Function;563632;Hazard;563647;Cause;563656;Measure
158;563438;Chapter;563475;Function;563632;Hazard;563647;Cause;563657;Measure
159;563438;Chapter;563475;Function;563632;Hazard;563647;Cause;563658;Measure
160;563438;Chapter;563475;Function;563632;Hazard;563647;Cause;563659;Measure
161;563438;Chapter;563475;Function;563632;Hazard;563671;Cause;563672;Measure
162;563438;Chapter;563475;Function;563632;Hazard;563671;Cause;563673;Measure
163;563438;Chapter;563475;Function;563632;Hazard;563683;Cause;563684;Measure
164;563438;Chapter;563475;Function;563632;Hazard;563683;Cause;563685;Measure
165;563438;Chapter;563475;Function;563632;Hazard;563683;Cause;564164;Measure
166;563438;Chapter;563475;Function;563632;Hazard;563683;Cause;563687;Measure
167;563438;Chapter;563475;Function;563632;Hazard;563683;Cause;563688;Measure
168;563438;Chapter;563475;Function;563632;Hazard;563683;Cause;563689;Measure
169;563438;Chapter;563475;Function;563632;Hazard;563683;Cause;563018;Measure
170;563438;Chapter;563475;Function;563632;Hazard;563683;Cause;561948;Measure
171;563438;Chapter;563475;Function;563632;Hazard;563690;Cause;563691;Measure
172;563438;Chapter;563475;Function;563632;Hazard;563690;Cause;599809;Measure
173;563438;Chapter;563475;Function;563632;Hazard;563690;Cause;563692;Measure
174;563438;Chapter;563475;Function;563632;Hazard;563690;Cause;563693;Measure
175;563438;Chapter;563475;Function;563632;Hazard;563690;Cause;563695;Measure
176;563438;Chapter;563475;Function;563632;Hazard;563690;Cause;563696;Measure
177;563438;Chapter;563475;Function;563632;Hazard;563690;Cause;563697;Measure
178;563438;Chapter;563475;Function;563632;Hazard;563690;Cause;568836;Measure
179;563438;Chapter;563475;Function;563632;Hazard;563690;Cause;568848;Measure
180;563438;Chapter;563475;Function;563632;Hazard;563690;Cause;568847;Measure
181;563438;Chapter;563475;Function;563632;Hazard;563698;Cause;563699;Measure
182;563438;Chapter;563475;Function;563632;Hazard;563698;Cause;599810;Measure
183;563438;Chapter;563475;Function;563632;Hazard;563698;Cause;563700;Measure
184;563438;Chapter;563475;Function;563632;Hazard;563698;Cause;563702;Measure
185;563438;Chapter;563475;Function;563632;Hazard;563751;Cause;563755;Measure
186;563438;Chapter;563475;Function;563632;Hazard;563751;Cause;563756;Measure
187;563438;Chapter;563475;Function;563632;Hazard;563751;Cause;563757;Measure
188;563438;Chapter;563475;Function;563632;Hazard;563751;Cause;563752;Measure
189;563438;Chapter;563475;Function;563632;Hazard;571853;Cause;571854;Measure
190;563438;Chapter;563475;Function;563632;Hazard;580821;Cause;580822;Measure
191;563438;Chapter;563475;Function;563704;Hazard;563706;Cause;562205;Measure
192;563438;Chapter;563475;Function;563704;Hazard;563718;Cause;563721;Measure
193;563438;Chapter;563475;Function;563704;Hazard;563718;Cause;571892;Measure
194;563438;Chapter;563475;Function;580797;Hazard;580798;Cause;580799;Measure
195;563438;Chapter;563475;Function;563705;Hazard;563707;Cause;563708;Measure
196;563438;Chapter;563475;Function;563705;Hazard;563741;Cause;563742;Measure
197;563438;Chapter;563475;Function;563709;Hazard;563710;Cause;563712;Measure
198;563438;Chapter;563475;Function;563709;Hazard;563710;Cause;562061;Measure
199;563438;Chapter;563475;Function;563714;Hazard;563715;Cause;563716;Measure
200;563438;Chapter;563475;Function;563714;Hazard;563715;Cause;563717;Measure
201;563438;Chapter;563475;Function;563738;Hazard;563739;Cause;563740;Measure
202;563438;Chapter;563475;Function;563738;Hazard;563739;Cause;576777;Measure
203;563438;Chapter;563475;Function;563738;Hazard;576778;Cause;576779;Measure
204;563438;Chapter;563475;Function;563623;Hazard;563624;Cause;563626;Measure
205;563438;Chapter;563475;Function;563743;Hazard;563744;Cause;563745;Measure
206;563438;Chapter;563475;Function;576792;Hazard;576793;Cause;576794;Measure
207;563438;Chapter;564220;Function;564221;Hazard;564223;Cause;564224;Measure
208;563438;Chapter;564220;Function;564221;Hazard;564223;Cause;564225;Measure
209;563438;Chapter;564220;Function;564221;Hazard;564223;Cause;596993;Measure
210;563438;Chapter;564220;Function;564221;Hazard;564223;Cause;600715;Measure
211;563438;Chapter;564220;Function;564221;Hazard;564223;Cause;600716;Measure
212;563438;Chapter;564220;Function;564221;Hazard;564234;Cause;564235;Measure
213;563438;Chapter;564220;Function;564221;Hazard;564237;Cause;564238;Measure
214;563438;Chapter;564220;Function;564221;Hazard;564237;Cause;595749;Measure
215;563438;Chapter;564220;Function;564221;Hazard;564237;Cause;564239;Measure
216;563438;Chapter;564220;Function;564221;Hazard;564237;Cause;571957;Measure
217;563438;Chapter;564220;Function;564221;Hazard;564237;Cause;595744;Measure
218;563438;Chapter;564220;Function;564221;Hazard;564237;Cause;564240;Measure
219;563438;Chapter;564220;Function;564221;Hazard;564237;Cause;564241;Measure
220;563438;Chapter;564220;Function;564221;Hazard;564237;Cause;564242;Measure
221;563438;Chapter;564220;Function;564221;Hazard;578630;Cause;578632;Measure
222;563438;Chapter;564220;Function;564221;Hazard;564246;Cause;564247;Measure
223;563438;Chapter;564220;Function;564221;Hazard;564246;Cause;564248;Measure
224;563438;Chapter;564220;Function;564221;Hazard;568773;Cause;568776;Measure
225;563438;Chapter;564220;Function;564221;Hazard;568774;Cause;568779;Measure
226;563438;Chapter;564220;Function;564221;Hazard;568775;Cause;564349;Measure
227;563438;Chapter;564220;Function;564221;Hazard;576770;Cause;576771;Measure
228;563438;Chapter;564220;Function;564221;Hazard;576770;Cause;578173;Measure
229;563438;Chapter;564220;Function;564221;Hazard;568777;Cause;564351;Measure
230;563438;Chapter;564220;Function;564221;Hazard;568778;Cause;578324;Measure
231;563438;Chapter;564220;Function;564221;Hazard;568778;Cause;578325;Measure
232;563438;Chapter;564220;Function;564221;Hazard;568780;Cause;568781;Measure
233;563438;Chapter;564220;Function;591782;Hazard;591783;Cause;591784;Measure
234;563438;Chapter;564220;Function;591782;Hazard;591783;Cause;591785;Measure
235;563438;Chapter;564220;Function;564226;Hazard;564227;Cause;564228;Measure
236;563438;Chapter;564220;Function;564226;Hazard;564227;Cause;564229;Measure
237;563438;Chapter;564220;Function;564226;Hazard;564230;Cause;564231;Measure
238;563438;Chapter;564220;Function;564226;Hazard;564230;Cause;568818;Measure
239;563438;Chapter;564220;Function;564226;Hazard;564232;Cause;564233;Measure
240;563438;Chapter;564220;Function;564226;Hazard;564243;Cause;564244;Measure
241;563438;Chapter;564220;Function;564226;Hazard;564243;Cause;564245;Measure
242;563438;Chapter;564220;Function;564226;Hazard;591780;Cause;591781;Measure
243;563438;Chapter;564220;Function;564249;Hazard;564250;Cause;564252;Measure
244;563438;Chapter;564220;Function;564249;Hazard;564250;Cause;564251;Measure
245;563438;Chapter;569231;Function;569232;Hazard;562466;Cause;571978;Measure
246;563438;Chapter;564077;Function;564078;Hazard;564079;Cause;564080;Measure
247;563438;Chapter;564077;Function;564078;Hazard;564081;Cause;564082;Measure
248;563438;Chapter;564077;Function;564078;Hazard;562460;Cause;563483;Measure
249;563438;Chapter;564077;Function;564078;Hazard;562460;Cause;563484;Measure
250;563438;Chapter;564077;Function;564078;Hazard;562460;Cause;571900;Measure
251;563438;Chapter;564077;Function;564078;Hazard;571898;Cause;571899;Measure
252;563438;Chapter;564083;Function;564085;Hazard;564084;Cause;564086;Measure
253;563438;Chapter;564083;Function;564085;Hazard;564084;Cause;564087;Measure
254;563438;Chapter;564083;Function;564085;Hazard;571856;Cause;594854;Measure
255;563438;Chapter;564083;Function;564085;Hazard;571856;Cause;594855;Measure
256;563438;Chapter;564152;Function;564153;Hazard;564154;Cause;564155;Measure
257;563438;Chapter;564152;Function;564153;Hazard;564156;Cause;564158;Measure
258;563438;Chapter;564152;Function;564153;Hazard;564156;Cause;599811;Measure
259;563438;Chapter;564152;Function;564153;Hazard;564159;Cause;564160;Measure
260;563438;Chapter;564152;Function;564153;Hazard;564161;Cause;564162;Measure
261;563438;Chapter;564152;Function;564153;Hazard;564161;Cause;564193;Measure
262;563438;Chapter;564152;Function;564153;Hazard;564161;Cause;569216;Measure
263;563438;Chapter;564152;Function;564153;Hazard;564161;Cause;564170;Measure
264;563438;Chapter;564152;Function;564153;Hazard;564161;Cause;564192;Measure
265;563438;Chapter;564152;Function;564153;Hazard;564161;Cause;564163;Measure
266;563438;Chapter;564152;Function;564153;Hazard;564161;Cause;564165;Measure
267;563438;Chapter;564152;Function;564153;Hazard;564161;Cause;564166;Measure
268;563438;Chapter;564152;Function;564153;Hazard;564161;Cause;564167;Measure
269;563438;Chapter;564152;Function;564153;Hazard;564161;Cause;564168;Measure
270;563438;Chapter;564152;Function;564153;Hazard;564171;Cause;564172;Measure
271;563438;Chapter;564198;Function;564199;Hazard;564200;Cause;564201;Measure
272;563438;Chapter;564198;Function;564199;Hazard;564202;Cause;564203;Measure
273;563438;Chapter;564198;Function;564199;Hazard;564202;Cause;599812;Measure
274;563438;Chapter;564198;Function;564199;Hazard;564205;Cause;564206;Measure
275;563438;Chapter;564198;Function;564199;Hazard;564207;Cause;564208;Measure
276;563438;Chapter;564198;Function;564199;Hazard;564207;Cause;564209;Measure
277;563438;Chapter;564198;Function;564199;Hazard;564207;Cause;564219;Measure
278;563438;Chapter;564198;Function;564199;Hazard;564207;Cause;564210;Measure
279;563438;Chapter;564198;Function;564199;Hazard;564207;Cause;564211;Measure
280;563438;Chapter;564198;Function;564199;Hazard;564207;Cause;564212;Measure
281;563438;Chapter;564198;Function;564199;Hazard;564207;Cause;564213;Measure
282;563438;Chapter;564198;Function;564199;Hazard;564207;Cause;564214;Measure
283;563438;Chapter;564198;Function;564199;Hazard;564207;Cause;564215;Measure
284;563438;Chapter;564198;Function;564199;Hazard;564207;Cause;564216;Measure
285;563438;Chapter;564198;Function;564199;Hazard;564217;Cause;564218;Measure
286;563438;Chapter;564173;Function;564174;Hazard;564175;Cause;564176;Measure
287;563438;Chapter;564173;Function;564174;Hazard;564177;Cause;564178;Measure
288;563438;Chapter;564173;Function;564174;Hazard;564177;Cause;599813;Measure
289;563438;Chapter;564173;Function;564174;Hazard;564177;Cause;594826;Measure
290;563438;Chapter;564173;Function;564174;Hazard;564177;Cause;594827;Measure
291;563438;Chapter;564173;Function;564174;Hazard;564179;Cause;564180;Measure
292;563438;Chapter;564173;Function;564174;Hazard;564181;Cause;564182;Measure
293;563438;Chapter;564173;Function;564174;Hazard;564181;Cause;564183;Measure
294;563438;Chapter;564173;Function;564174;Hazard;564181;Cause;564195;Measure
295;563438;Chapter;564173;Function;564174;Hazard;564181;Cause;564184;Measure
296;563438;Chapter;564173;Function;564174;Hazard;564181;Cause;564185;Measure
297;563438;Chapter;564173;Function;564174;Hazard;564181;Cause;564186;Measure
298;563438;Chapter;564173;Function;564174;Hazard;564181;Cause;564187;Measure
299;563438;Chapter;564173;Function;564174;Hazard;564181;Cause;564188;Measure
300;563438;Chapter;564310;Function;564311;Hazard;564312;Cause;564313;Measure
301;563438;Chapter;564310;Function;564311;Hazard;564314;Cause;564315;Measure
302;563438;Chapter;564310;Function;564311;Hazard;564314;Cause;599814;Measure
303;563438;Chapter;564310;Function;564311;Hazard;564314;Cause;564316;Measure
304;563438;Chapter;564310;Function;564311;Hazard;564314;Cause;594828;Measure
305;563438;Chapter;564310;Function;564311;Hazard;564317;Cause;564318;Measure
306;563438;Chapter;564310;Function;564311;Hazard;564319;Cause;564320;Measure
307;563438;Chapter;564310;Function;564311;Hazard;564319;Cause;564321;Measure
308;563438;Chapter;564310;Function;564311;Hazard;564319;Cause;569237;Measure
309;563438;Chapter;564310;Function;564311;Hazard;564319;Cause;564322;Measure
310;563438;Chapter;564310;Function;564311;Hazard;564319;Cause;564323;Measure
311;563438;Chapter;564310;Function;564311;Hazard;564319;Cause;564324;Measure
312;563438;Chapter;564310;Function;564311;Hazard;564319;Cause;564325;Measure
313;563438;Chapter;564310;Function;564311;Hazard;564319;Cause;564326;Measure
314;563438;Chapter;564310;Function;564311;Hazard;564319;Cause;564327;Measure
315;563438;Chapter;564310;Function;564311;Hazard;564319;Cause;564328;Measure
316;563438;Chapter;564310;Function;564311;Hazard;564329;Cause;564190;Measure
317;563467;Chapter;564126;Function;564127;Hazard;564128;Cause;564129;Measure
318;563467;Chapter;564126;Function;564127;Hazard;564128;Cause;562449;Measure
319;563467;Chapter;564126;Function;564127;Hazard;564128;Cause;564130;Measure
320;563467;Chapter;564126;Function;564127;Hazard;564131;Cause;564132;Measure
321;563467;Chapter;564126;Function;564127;Hazard;564131;Cause;564133;Measure
322;563467;Chapter;564126;Function;564127;Hazard;564131;Cause;564140;Measure
323;563467;Chapter;564126;Function;564127;Hazard;564131;Cause;564134;Measure
324;563467;Chapter;564126;Function;564127;Hazard;564131;Cause;564135;Measure
325;563467;Chapter;564126;Function;564127;Hazard;564136;Cause;564137;Measure
326;563467;Chapter;564126;Function;564127;Hazard;564136;Cause;564139;Measure
327;563467;Chapter;564126;Function;564127;Hazard;564136;Cause;564141;Measure
328;563467;Chapter;564126;Function;564127;Hazard;564136;Cause;564142;Measure
329;563467;Chapter;564126;Function;564127;Hazard;564136;Cause;564143;Measure
330;563467;Chapter;564126;Function;564149;Hazard;564150;Cause;564151;Measure
331;563467;Chapter;564126;Function;564149;Hazard;564150;Cause;576703;Measure
332;563467;Chapter;564126;Function;564149;Hazard;564145;Cause;564146;Measure
333;563467;Chapter;564126;Function;564149;Hazard;564145;Cause;564147;Measure
334;563467;Chapter;564126;Function;564149;Hazard;564145;Cause;564148;Measure
335;563467;Chapter;564126;Function;564149;Hazard;576759;Cause;576760;Measure
336;563467;Chapter;564126;Function;564149;Hazard;580834;Cause;580835;Measure
337;563467;Chapter;564126;Function;576757;Hazard;576758;Cause;576762;Measure
338;563467;Chapter;564126;Function;576757;Hazard;576761;Cause;576763;Measure
339;563467;Chapter;564126;Function;576757;Hazard;576761;Cause;576764;Measure
340;569262;Chapter;563444;Function;580656;Hazard;580654;Cause;580655;Measure
341;569262;Chapter;569260;Function;568782;Hazard;568783;Cause;562292;Measure
342;569262;Chapter;569260;Function;568782;Hazard;600717;Cause;596992;Measure
343;569262;Chapter;569260;Function;568782;Hazard;600717;Cause;596634;Measure
344;569262;Chapter;569260;Function;568782;Hazard;600717;Cause;600718;Measure
345;569262;Chapter;569260;Function;568782;Hazard;600717;Cause;600719;Measure
346;569262;Chapter;569260;Function;568782;Hazard;600717;Cause;600720;Measure
347;569262;Chapter;569279;Function;569277;Hazard;569278;Cause;568819;Measure
348;569262;Chapter;563447;Function;591776;Hazard;591777;Cause;591778;Measure
349;569262;Chapter;563447;Function;591776;Hazard;591777;Cause;591779;Measure
350;569262;Chapter;563448;Function;564089;Hazard;564090;Cause;564091;Measure
351;569262;Chapter;563448;Function;564089;Hazard;564090;Cause;564092;Measure
352;569262;Chapter;563448;Function;564089;Hazard;564102;Cause;564103;Measure
353;569262;Chapter;563448;Function;564089;Hazard;564105;Cause;564106;Measure
354;569262;Chapter;563448;Function;564097;Hazard;564098;Cause;564101;Measure
355;569262;Chapter;563448;Function;564093;Hazard;564094;Cause;564095;Measure
356;569262;Chapter;563448;Function;564093;Hazard;564094;Cause;564096;Measure
357;569262;Chapter;563448;Function;578312;Hazard;578313;Cause;578315;Measure
358;569262;Chapter;564271;Function;564272;Hazard;564273;Cause;564274;Measure
359;569262;Chapter;564271;Function;564272;Hazard;564273;Cause;564291;Measure
360;569262;Chapter;564271;Function;564272;Hazard;564275;Cause;564276;Measure
361;569262;Chapter;564271;Function;564272;Hazard;564285;Cause;564286;Measure
362;569262;Chapter;564271;Function;564272;Hazard;564288;Cause;564289;Measure
363;569262;Chapter;564271;Function;564277;Hazard;564278;Cause;564280;Measure
364;569262;Chapter;564271;Function;564277;Hazard;569290;Cause;596956;Measure
365;569262;Chapter;564271;Function;564277;Hazard;564281;Cause;564283;Measure
366;569262;Chapter;564271;Function;564277;Hazard;564282;Cause;564290;Measure
367;569262;Chapter;564271;Function;564277;Hazard;569287;Cause;596954;Measure
368;569262;Chapter;564271;Function;564277;Hazard;569287;Cause;596955;Measure
369;569262;Chapter;564271;Function;564277;Hazard;569287;Cause;569288;Measure
370;569262;Chapter;564271;Function;564277;Hazard;569287;Cause;569289;Measure
371;569262;Chapter;564271;Function;564277;Hazard;569287;Cause;599815;Measure
372;569262;Chapter;564271;Function;564292;Hazard;564293;Cause;564294;Measure
373;569262;Chapter;564271;Function;564292;Hazard;564293;Cause;568854;Measure
374;569262;Chapter;564271;Function;564292;Hazard;564293;Cause;564301;Measure
375;569262;Chapter;564271;Function;564292;Hazard;564293;Cause;564295;Measure
376;569262;Chapter;564271;Function;564292;Hazard;564293;Cause;564296;Measure
377;569262;Chapter;564271;Function;564292;Hazard;564293;Cause;564297;Measure
378;569262;Chapter;564271;Function;564292;Hazard;564293;Cause;564298;Measure
379;569262;Chapter;564271;Function;564292;Hazard;564293;Cause;564299;Measure
380;569262;Chapter;564271;Function;564292;Hazard;564293;Cause;564300;Measure
381;569262;Chapter;564271;Function;564292;Hazard;564302;Cause;564303;Measure
382;569262;Chapter;564271;Function;564292;Hazard;564304;Cause;564305;Measure
383;569262;Chapter;564271;Function;564292;Hazard;564304;Cause;599816;Measure
384;569262;Chapter;564271;Function;564292;Hazard;564304;Cause;564306;Measure
385;569262;Chapter;564271;Function;564292;Hazard;564304;Cause;594829;Measure
386;569262;Chapter;564271;Function;564292;Hazard;569228;Cause;577223;Measure
387;569262;Chapter;564271;Function;564292;Hazard;569228;Cause;577225;Measure
388;569262;Chapter;564271;Function;564292;Hazard;569228;Cause;577226;Measure
389;569262;Chapter;564271;Function;564292;Hazard;569228;Cause;577224;Measure
390;563461;Chapter;569299;Function;569300;Hazard;569301;Cause;569148;Measure
391;563436;Chapter;569280;Function;569282;Hazard;569283;Cause;594856;Measure
392;563463;Chapter;569284;Function;569285;Hazard;569286;Cause;568831;Measure
393;563463;Chapter;569284;Function;569285;Hazard;569286;Cause;568833;Measure
394;563468;Chapter;568820;Function;568821;Hazard;568822;Cause;568824;Measure
395;563468;Chapter;568820;Function;568821;Hazard;568822;Cause;571852;Measure
396;563468;Chapter;568820;Function;568821;Hazard;568822;Cause;580832;Measure
397;563468;Chapter;568820;Function;568821;Hazard;568823;Cause;578106;Measure
398;563468;Chapter;568820;Function;568821;Hazard;568823;Cause;578107;Measure
399;563468;Chapter;568820;Function;568826;Hazard;568827;Cause;568828;Measure
400;563468;Chapter;568820;Function;568826;Hazard;568827;Cause;578318;Measure
401;569267;Chapter;569269;Function;569268;Hazard;569270;Cause;568837;Measure
402;569267;Chapter;569269;Function;569271;Hazard;569272;Cause;569273;Measure
403;561939;Chapter;561940;Function;561954;Hazard;561955;Cause;561956;Measure
404;561939;Chapter;561940;Function;561960;Hazard;561961;Cause;561962;Measure
405;561939;Chapter;561940;Function;561960;Hazard;561963;Cause;561964;Measure
406;561939;Chapter;561940;Function;561960;Hazard;561963;Cause;561965;Measure
407;561939;Chapter;561940;Function;561960;Hazard;561963;Cause;561966;Measure
408;561939;Chapter;561940;Function;561967;Hazard;561968;Cause;561969;Measure
409;561939;Chapter;561940;Function;561970;Hazard;561971;Cause;561972;Measure
410;561939;Chapter;561940;Function;561970;Hazard;561971;Cause;561973;Measure
411;561939;Chapter;561940;Function;561974;Hazard;561975;Cause;597040;Measure
412;561939;Chapter;561940;Function;561980;Hazard;561981;Cause;561982;Measure
413;561939;Chapter;561983;Function;561984;Hazard;561985;Cause;561986;Measure
414;561939;Chapter;561983;Function;561984;Hazard;561987;Cause;561988;Measure
415;561939;Chapter;561983;Function;561989;Hazard;561990;Cause;561991;Measure
416;561939;Chapter;561983;Function;561989;Hazard;561992;Cause;561993;Measure
417;561939;Chapter;561983;Function;561989;Hazard;561994;Cause;561995;Measure
418;561939;Chapter;561983;Function;561989;Hazard;561996;Cause;561997;Measure
419;561939;Chapter;561983;Function;561998;Hazard;561999;Cause;562000;Measure
420;561939;Chapter;561983;Function;561998;Hazard;561999;Cause;562001;Measure
421;561939;Chapter;561983;Function;561998;Hazard;561999;Cause;562002;Measure
422;561939;Chapter;561983;Function;561998;Hazard;562003;Cause;562004;Measure
423;561939;Chapter;561983;Function;561998;Hazard;562005;Cause;562006;Measure
424;561939;Chapter;561983;Function;561998;Hazard;562007;Cause;562008;Measure
425;561939;Chapter;561983;Function;562009;Hazard;562010;Cause;562011;Measure
426;561939;Chapter;561983;Function;562009;Hazard;562010;Cause;562012;Measure
427;561939;Chapter;561983;Function;562013;Hazard;562014;Cause;562016;Measure
428;561939;Chapter;561983;Function;562013;Hazard;562014;Cause;562017;Measure
429;561939;Chapter;561983;Function;562018;Hazard;562019;Cause;562020;Measure
430;561939;Chapter;561983;Function;562021;Hazard;562022;Cause;562023;Measure
431;561939;Chapter;561983;Function;562024;Hazard;562025;Cause;562026;Measure
432;561939;Chapter;561983;Function;562024;Hazard;562025;Cause;596969;Measure
433;561939;Chapter;561983;Function;562027;Hazard;562028;Cause;562029;Measure
434;561939;Chapter;561983;Function;562027;Hazard;562028;Cause;562030;Measure
435;561939;Chapter;561983;Function;562027;Hazard;562028;Cause;562031;Measure
436;561939;Chapter;561983;Function;562027;Hazard;562032;Cause;562033;Measure
437;561939;Chapter;561983;Function;562027;Hazard;562032;Cause;562034;Measure
438;561939;Chapter;561983;Function;562027;Hazard;562032;Cause;562035;Measure
439;561939;Chapter;561983;Function;562027;Hazard;562036;Cause;562037;Measure
440;561939;Chapter;561983;Function;562027;Hazard;562038;Cause;562039;Measure
441;561939;Chapter;561983;Function;562027;Hazard;562038;Cause;562040;Measure
442;561939;Chapter;561983;Function;562027;Hazard;562041;Cause;562042;Measure
443;561939;Chapter;561983;Function;562027;Hazard;562041;Cause;562043;Measure
444;561939;Chapter;561983;Function;562027;Hazard;562041;Cause;562044;Measure
445;561939;Chapter;561983;Function;562045;Hazard;562046;Cause;562047;Measure
446;561939;Chapter;561983;Function;562045;Hazard;562046;Cause;562048;Measure
447;561939;Chapter;561983;Function;562045;Hazard;562049;Cause;562050;Measure
448;561939;Chapter;561983;Function;562052;Hazard;562053;Cause;562054;Measure
449;561939;Chapter;561983;Function;562055;Hazard;562056;Cause;562058;Measure
450;561939;Chapter;561983;Function;562055;Hazard;562056;Cause;576774;Measure
451;562063;Chapter;562064;Function;562065;Hazard;562066;Cause;562067;Measure
452;562063;Chapter;562064;Function;562065;Hazard;562068;Cause;562069;Measure
453;562063;Chapter;562064;Function;562065;Hazard;562070;Cause;562071;Measure
454;562063;Chapter;562064;Function;562065;Hazard;562072;Cause;562073;Measure
455;562063;Chapter;562064;Function;562074;Hazard;562075;Cause;562076;Measure
456;562063;Chapter;562064;Function;562077;Hazard;562078;Cause;562079;Measure
457;562063;Chapter;562064;Function;562080;Hazard;562081;Cause;562082;Measure
458;562063;Chapter;562064;Function;562080;Hazard;562083;Cause;562084;Measure
459;562063;Chapter;562064;Function;562085;Hazard;562086;Cause;562087;Measure
460;562063;Chapter;562064;Function;562085;Hazard;562086;Cause;594861;Measure
461;562063;Chapter;562064;Function;562090;Hazard;562091;Cause;562092;Measure
462;562063;Chapter;562064;Function;562093;Hazard;562094;Cause;562096;Measure
463;562063;Chapter;562064;Function;562093;Hazard;562094;Cause;562097;Measure
464;562063;Chapter;562064;Function;562093;Hazard;562098;Cause;562099;Measure
465;562063;Chapter;562064;Function;562093;Hazard;569205;Cause;562095;Measure
466;562063;Chapter;562064;Function;562093;Hazard;569205;Cause;569206;Measure
467;562063;Chapter;562100;Function;562101;Hazard;562102;Cause;562103;Measure
468;562063;Chapter;562100;Function;562101;Hazard;562102;Cause;569245;Measure
469;562063;Chapter;562100;Function;562101;Hazard;562102;Cause;562104;Measure
470;562063;Chapter;562100;Function;562101;Hazard;562102;Cause;562105;Measure
471;562063;Chapter;562100;Function;562101;Hazard;562106;Cause;562107;Measure
472;562063;Chapter;562100;Function;562101;Hazard;562106;Cause;562108;Measure
473;562063;Chapter;562100;Function;562101;Hazard;562109;Cause;562110;Measure
474;562063;Chapter;562100;Function;562101;Hazard;562109;Cause;562111;Measure
475;562063;Chapter;562100;Function;562101;Hazard;562112;Cause;562113;Measure
476;562063;Chapter;562100;Function;562101;Hazard;562112;Cause;562114;Measure
477;562063;Chapter;562100;Function;562115;Hazard;562116;Cause;562117;Measure
478;562063;Chapter;562100;Function;562118;Hazard;562119;Cause;562120;Measure
479;562063;Chapter;562100;Function;562118;Hazard;562119;Cause;562121;Measure
480;562063;Chapter;562100;Function;562118;Hazard;562119;Cause;562122;Measure
481;562063;Chapter;562100;Function;562118;Hazard;562123;Cause;562124;Measure
482;562063;Chapter;562100;Function;562118;Hazard;562125;Cause;562126;Measure
483;562063;Chapter;562100;Function;562118;Hazard;562125;Cause;562127;Measure
484;562063;Chapter;562100;Function;562118;Hazard;562125;Cause;562128;Measure
485;562063;Chapter;562100;Function;562129;Hazard;562130;Cause;562131;Measure
486;562063;Chapter;562100;Function;562132;Hazard;562133;Cause;562134;Measure
487;562063;Chapter;562100;Function;562132;Hazard;562133;Cause;562135;Measure
488;562063;Chapter;562100;Function;562132;Hazard;562133;Cause;562136;Measure
489;562063;Chapter;562100;Function;562132;Hazard;562133;Cause;562137;Measure
490;562063;Chapter;562100;Function;562132;Hazard;562133;Cause;562138;Measure
491;562063;Chapter;562100;Function;562132;Hazard;562139;Cause;568841;Measure
492;562063;Chapter;562100;Function;562132;Hazard;562139;Cause;562140;Measure
493;562063;Chapter;562100;Function;562132;Hazard;562139;Cause;562141;Measure
494;562063;Chapter;562100;Function;562132;Hazard;562142;Cause;562143;Measure
495;562063;Chapter;562100;Function;562144;Hazard;562145;Cause;562146;Measure
496;562063;Chapter;562100;Function;562144;Hazard;562147;Cause;562148;Measure
497;562063;Chapter;562100;Function;562144;Hazard;562149;Cause;562150;Measure
498;562063;Chapter;562100;Function;562144;Hazard;562151;Cause;562152;Measure
499;562063;Chapter;562100;Function;562144;Hazard;562153;Cause;562154;Measure
500;562063;Chapter;562100;Function;562144;Hazard;562153;Cause;562155;Measure
501;562063;Chapter;562100;Function;562144;Hazard;562153;Cause;569133;Measure
502;562063;Chapter;562100;Function;562144;Hazard;562153;Cause;569135;Measure
503;562063;Chapter;562100;Function;562144;Hazard;562153;Cause;569136;Measure
504;562063;Chapter;562100;Function;562144;Hazard;562156;Cause;562157;Measure
505;562063;Chapter;562100;Function;562144;Hazard;562158;Cause;562159;Measure
506;562063;Chapter;562100;Function;562144;Hazard;562160;Cause;562161;Measure
507;562063;Chapter;562100;Function;562144;Hazard;562162;Cause;562163;Measure
508;562063;Chapter;562100;Function;562144;Hazard;562164;Cause;562165;Measure
509;562063;Chapter;562166;Function;562167;Hazard;562168;Cause;562169;Measure
510;562063;Chapter;562170;Function;562171;Hazard;562172;Cause;562173;Measure
511;562063;Chapter;562174;Function;562175;Hazard;562176;Cause;562177;Measure
512;562063;Chapter;562174;Function;562175;Hazard;562178;Cause;562179;Measure
513;562063;Chapter;562174;Function;562180;Hazard;562181;Cause;562182;Measure
514;562063;Chapter;562174;Function;562180;Hazard;562181;Cause;562183;Measure
515;562063;Chapter;562174;Function;562184;Hazard;562185;Cause;562186;Measure
516;562063;Chapter;562187;Function;562188;Hazard;562189;Cause;562190;Measure
517;562063;Chapter;562187;Function;562188;Hazard;562191;Cause;562192;Measure
518;562063;Chapter;562187;Function;562188;Hazard;562191;Cause;562193;Measure
519;562063;Chapter;562187;Function;562188;Hazard;562191;Cause;562194;Measure
520;562063;Chapter;562187;Function;562195;Hazard;562196;Cause;562197;Measure
521;562063;Chapter;562187;Function;562195;Hazard;562198;Cause;562199;Measure
522;562063;Chapter;562187;Function;562195;Hazard;562200;Cause;562201;Measure
523;562063;Chapter;562187;Function;562195;Hazard;562202;Cause;562203;Measure
524;562063;Chapter;562187;Function;562206;Hazard;562207;Cause;562208;Measure
525;562063;Chapter;562187;Function;562206;Hazard;562207;Cause;562209;Measure
526;562063;Chapter;562187;Function;562206;Hazard;562210;Cause;562211;Measure
527;562063;Chapter;562187;Function;562206;Hazard;562210;Cause;562212;Measure
528;562063;Chapter;562187;Function;562206;Hazard;562213;Cause;562214;Measure
529;562063;Chapter;562187;Function;562215;Hazard;562216;Cause;562217;Measure
530;562063;Chapter;562187;Function;562215;Hazard;562216;Cause;562218;Measure
531;562063;Chapter;562187;Function;562219;Hazard;562220;Cause;562221;Measure
532;562063;Chapter;562187;Function;562219;Hazard;562220;Cause;562222;Measure
533;562063;Chapter;562187;Function;562219;Hazard;562220;Cause;562225;Measure
534;562063;Chapter;562187;Function;562219;Hazard;562220;Cause;562226;Measure
535;562063;Chapter;562187;Function;562219;Hazard;562220;Cause;562228;Measure
536;562063;Chapter;562187;Function;562219;Hazard;562220;Cause;562229;Measure
537;562063;Chapter;562187;Function;562219;Hazard;562230;Cause;562231;Measure
538;562063;Chapter;562187;Function;562219;Hazard;562230;Cause;562232;Measure
539;562063;Chapter;562187;Function;562237;Hazard;562238;Cause;562239;Measure
540;562063;Chapter;562187;Function;562237;Hazard;562238;Cause;562240;Measure
541;562063;Chapter;562187;Function;562241;Hazard;562242;Cause;562243;Measure
542;562063;Chapter;562187;Function;562244;Hazard;562245;Cause;562246;Measure
543;562063;Chapter;562187;Function;562247;Hazard;562248;Cause;562249;Measure
544;562063;Chapter;562187;Function;562250;Hazard;562251;Cause;562252;Measure
545;562063;Chapter;562187;Function;562250;Hazard;562253;Cause;562254;Measure
546;562063;Chapter;562187;Function;562250;Hazard;562255;Cause;562256;Measure
547;562063;Chapter;562187;Function;562259;Hazard;562260;Cause;578758;Measure
548;562063;Chapter;562187;Function;562259;Hazard;562262;Cause;562263;Measure
549;562063;Chapter;562187;Function;562259;Hazard;562262;Cause;562264;Measure
550;562063;Chapter;562187;Function;562259;Hazard;562262;Cause;562265;Measure
551;562063;Chapter;562187;Function;562259;Hazard;562262;Cause;562266;Measure
552;562063;Chapter;562187;Function;562259;Hazard;562267;Cause;562268;Measure
553;562063;Chapter;562187;Function;562259;Hazard;562267;Cause;562269;Measure
554;562063;Chapter;562187;Function;562259;Hazard;562267;Cause;562270;Measure
555;562063;Chapter;562187;Function;562259;Hazard;562267;Cause;562271;Measure
556;562063;Chapter;562187;Function;562259;Hazard;562267;Cause;562272;Measure
557;562063;Chapter;562187;Function;562273;Hazard;562274;Cause;562275;Measure
558;562063;Chapter;562187;Function;562276;Hazard;562277;Cause;562279;Measure
559;562063;Chapter;562187;Function;562280;Hazard;562281;Cause;578759;Measure
560;562063;Chapter;562187;Function;562280;Hazard;562281;Cause;578760;Measure
561;562063;Chapter;562187;Function;562280;Hazard;562281;Cause;562284;Measure
562;562063;Chapter;562187;Function;562285;Hazard;562286;Cause;562287;Measure
563;562063;Chapter;562187;Function;562285;Hazard;562288;Cause;562289;Measure
564;562063;Chapter;562295;Function;562296;Hazard;562297;Cause;562298;Measure
565;562063;Chapter;562299;Function;562300;Hazard;562301;Cause;562302;Measure
566;562063;Chapter;562299;Function;562303;Hazard;562304;Cause;562305;Measure
567;562063;Chapter;562306;Function;562307;Hazard;562308;Cause;562309;Measure
568;562063;Chapter;562306;Function;562307;Hazard;562310;Cause;591790;Measure
569;562063;Chapter;562306;Function;562307;Hazard;562310;Cause;591791;Measure
570;562063;Chapter;562306;Function;562312;Hazard;562313;Cause;562314;Measure
571;562315;Chapter;562316;Function;562317;Hazard;562318;Cause;562319;Measure
572;562315;Chapter;562320;Function;562321;Hazard;562322;Cause;562323;Measure
573;562315;Chapter;562320;Function;562321;Hazard;562322;Cause;562324;Measure
574;562315;Chapter;562320;Function;562321;Hazard;562322;Cause;562325;Measure
575;562315;Chapter;562320;Function;562321;Hazard;562322;Cause;562326;Measure
576;562315;Chapter;562320;Function;562321;Hazard;562322;Cause;562327;Measure
577;562315;Chapter;562320;Function;562321;Hazard;562322;Cause;562328;Measure
578;562315;Chapter;562320;Function;562321;Hazard;562322;Cause;562329;Measure
579;562315;Chapter;562320;Function;562321;Hazard;562322;Cause;568849;Measure
580;562315;Chapter;562320;Function;562321;Hazard;562322;Cause;569294;Measure
581;562315;Chapter;562330;Function;562331;Hazard;562332;Cause;562333;Measure
582;562334;Chapter;562335;Function;562336;Hazard;562337;Cause;562338;Measure
583;562334;Chapter;562335;Function;562342;Hazard;562347;Cause;578761;Measure
584;562334;Chapter;562335;Function;562342;Hazard;562347;Cause;578766;Measure
585;562334;Chapter;562335;Function;562342;Hazard;562351;Cause;578762;Measure
586;562334;Chapter;562335;Function;562342;Hazard;562351;Cause;578767;Measure
587;562334;Chapter;562335;Function;562342;Hazard;562354;Cause;578768;Measure
588;562334;Chapter;562335;Function;562342;Hazard;562354;Cause;578320;Measure
589;562334;Chapter;562335;Function;562342;Hazard;562354;Cause;578763;Measure
590;562334;Chapter;562335;Function;562358;Hazard;562359;Cause;562360;Measure
591;562334;Chapter;562335;Function;562358;Hazard;562359;Cause;562361;Measure
592;562334;Chapter;562335;Function;562358;Hazard;562362;Cause;562363;Measure
593;562334;Chapter;562335;Function;562358;Hazard;562364;Cause;562365;Measure
594;562334;Chapter;562335;Function;562358;Hazard;562364;Cause;562366;Measure
595;562334;Chapter;562335;Function;562367;Hazard;562368;Cause;562369;Measure
596;562334;Chapter;562335;Function;562370;Hazard;562371;Cause;562372;Measure
597;562334;Chapter;562335;Function;562370;Hazard;562371;Cause;562373;Measure
598;562334;Chapter;562374;Function;562375;Hazard;562376;Cause;562380;Measure
599;562334;Chapter;562374;Function;562375;Hazard;562381;Cause;578094;Measure
600;562334;Chapter;562374;Function;562375;Hazard;562383;Cause;562384;Measure
601;562334;Chapter;562374;Function;562375;Hazard;562383;Cause;562385;Measure
602;562334;Chapter;562374;Function;562375;Hazard;562383;Cause;562386;Measure
603;562334;Chapter;562374;Function;562375;Hazard;562383;Cause;562387;Measure
604;562334;Chapter;562374;Function;562375;Hazard;562383;Cause;562388;Measure
605;562334;Chapter;562374;Function;562375;Hazard;562383;Cause;562389;Measure
606;562334;Chapter;562374;Function;562375;Hazard;562383;Cause;562390;Measure
607;562334;Chapter;562374;Function;562375;Hazard;562391;Cause;578771;Measure
608;562334;Chapter;562374;Function;562375;Hazard;562394;Cause;578326;Measure
609;562334;Chapter;562374;Function;562375;Hazard;562394;Cause;562396;Measure
610;562334;Chapter;562374;Function;562398;Hazard;562399;Cause;562400;Measure
611;562334;Chapter;562374;Function;562398;Hazard;562401;Cause;562402;Measure
612;562334;Chapter;562374;Function;562398;Hazard;562403;Cause;562404;Measure
613;562334;Chapter;562374;Function;562398;Hazard;562405;Cause;562406;Measure
614;562334;Chapter;562374;Function;562398;Hazard;562407;Cause;562408;Measure
615;562334;Chapter;562374;Function;562398;Hazard;562407;Cause;562409;Measure
616;562334;Chapter;562374;Function;562413;Hazard;562414;Cause;562415;Measure
617;562334;Chapter;562374;Function;562413;Hazard;562416;Cause;562417;Measure
618;562334;Chapter;562374;Function;562413;Hazard;562418;Cause;562419;Measure
619;562334;Chapter;562374;Function;562413;Hazard;562418;Cause;562420;Measure
620;562334;Chapter;562374;Function;562413;Hazard;562418;Cause;562421;Measure
621;562334;Chapter;562374;Function;562413;Hazard;562418;Cause;562422;Measure
622;562334;Chapter;562374;Function;562423;Hazard;562424;Cause;562425;Measure
623;562334;Chapter;562374;Function;562423;Hazard;562426;Cause;578319;Measure
624;562334;Chapter;562374;Function;562423;Hazard;562428;Cause;562429;Measure
625;562334;Chapter;562374;Function;562423;Hazard;562430;Cause;562431;Measure
626;562334;Chapter;562374;Function;562432;Hazard;562433;Cause;562434;Measure
627;562334;Chapter;562374;Function;562432;Hazard;562435;Cause;562436;Measure
628;562334;Chapter;562374;Function;562432;Hazard;562435;Cause;562437;Measure
629;562334;Chapter;562374;Function;562439;Hazard;562440;Cause;562441;Measure
630;562334;Chapter;562374;Function;562439;Hazard;562440;Cause;562442;Measure
631;562334;Chapter;562374;Function;562439;Hazard;562440;Cause;562443;Measure
632;562334;Chapter;562374;Function;562439;Hazard;562440;Cause;562444;Measure
633;562334;Chapter;562374;Function;562439;Hazard;562445;Cause;562446;Measure
634;562334;Chapter;562374;Function;562450;Hazard;562451;Cause;562452;Measure
635;562334;Chapter;562374;Function;562453;Hazard;562454;Cause;562455;Measure
636;562334;Chapter;562374;Function;562456;Hazard;562457;Cause;562458;Measure
637;562334;Chapter;562374;Function;562468;Hazard;562469;Cause;562470;Measure
638;562334;Chapter;562374;Function;562471;Hazard;562472;Cause;562473;Measure
639;562334;Chapter;562474;Function;562475;Hazard;562476;Cause;562477;Measure
640;562334;Chapter;562478;Function;562479;Hazard;562480;Cause;562481;Measure
641;562334;Chapter;562482;Function;562483;Hazard;562484;Cause;562485;Measure
642;562334;Chapter;562482;Function;562483;Hazard;562486;Cause;562487;Measure
643;562334;Chapter;562482;Function;562483;Hazard;562488;Cause;562489;Measure
644;562334;Chapter;562490;Function;562491;Hazard;562492;Cause;562493;Measure
645;562334;Chapter;562490;Function;562491;Hazard;562492;Cause;562494;Measure
646;562334;Chapter;562490;Function;562491;Hazard;562492;Cause;562495;Measure
647;562334;Chapter;562490;Function;562491;Hazard;562497;Cause;562499;Measure
648;562334;Chapter;562490;Function;562491;Hazard;562497;Cause;578321;Measure
649;562334;Chapter;562490;Function;562491;Hazard;562497;Cause;562500;Measure
650;562334;Chapter;562490;Function;562491;Hazard;562497;Cause;562501;Measure
651;562334;Chapter;562490;Function;562491;Hazard;562502;Cause;562503;Measure
652;562334;Chapter;562490;Function;562491;Hazard;562504;Cause;562505;Measure
653;562334;Chapter;562490;Function;562507;Hazard;562508;Cause;562509;Measure
654;562334;Chapter;562490;Function;562507;Hazard;562508;Cause;562510;Measure
655;562334;Chapter;562490;Function;562507;Hazard;562508;Cause;562511;Measure
656;562334;Chapter;562490;Function;562507;Hazard;562508;Cause;562512;Measure
657;562334;Chapter;562490;Function;562507;Hazard;562513;Cause;562514;Measure
658;562334;Chapter;562490;Function;562515;Hazard;562516;Cause;562517;Measure
659;562334;Chapter;562490;Function;562515;Hazard;562518;Cause;562519;Measure
660;562334;Chapter;562490;Function;562520;Hazard;562521;Cause;562522;Measure
661;562334;Chapter;562490;Function;562520;Hazard;562521;Cause;562523;Measure
662;562334;Chapter;562490;Function;562520;Hazard;562521;Cause;562524;Measure
663;562334;Chapter;562490;Function;562520;Hazard;562521;Cause;562525;Measure
664;562334;Chapter;562490;Function;562520;Hazard;562521;Cause;562526;Measure
665;562334;Chapter;562490;Function;562520;Hazard;562527;Cause;562528;Measure
666;562334;Chapter;562490;Function;562520;Hazard;562527;Cause;562529;Measure
667;562334;Chapter;562490;Function;562520;Hazard;562527;Cause;562530;Measure
668;562334;Chapter;562490;Function;562531;Hazard;562532;Cause;562533;Measure
669;562334;Chapter;562490;Function;562531;Hazard;562532;Cause;562534;Measure
670;562334;Chapter;562490;Function;562531;Hazard;562535;Cause;562536;Measure
671;562334;Chapter;562490;Function;562531;Hazard;562535;Cause;562537;Measure
672;562334;Chapter;562490;Function;562531;Hazard;562535;Cause;562538;Measure
673;562334;Chapter;562490;Function;562539;Hazard;562540;Cause;562541;Measure
674;562334;Chapter;562490;Function;562539;Hazard;562542;Cause;562543;Measure
675;562334;Chapter;562490;Function;562544;Hazard;562545;Cause;562546;Measure
676;562334;Chapter;562490;Function;562547;Hazard;562548;Cause;562549;Measure
677;562334;Chapter;562490;Function;562547;Hazard;562548;Cause;562552;Measure
678;562334;Chapter;562490;Function;562553;Hazard;562554;Cause;562555;Measure
679;562334;Chapter;562490;Function;562553;Hazard;562556;Cause;562557;Measure
680;562334;Chapter;562490;Function;562553;Hazard;562558;Cause;562559;Measure
681;562334;Chapter;562490;Function;562553;Hazard;562560;Cause;562561;Measure
682;562334;Chapter;562490;Function;562553;Hazard;562560;Cause;562562;Measure
683;562334;Chapter;562490;Function;562553;Hazard;562564;Cause;562565;Measure
684;562334;Chapter;562490;Function;562553;Hazard;562564;Cause;580167;Measure
685;562334;Chapter;562490;Function;562553;Hazard;562564;Cause;562567;Measure
686;562334;Chapter;562490;Function;562553;Hazard;562564;Cause;578773;Measure
687;562334;Chapter;562490;Function;562553;Hazard;562568;Cause;562569;Measure
688;562334;Chapter;562490;Function;562553;Hazard;562570;Cause;562571;Measure
689;562334;Chapter;562490;Function;562553;Hazard;562572;Cause;562573;Measure
690;562334;Chapter;562490;Function;562553;Hazard;562574;Cause;562575;Measure
691;562334;Chapter;562490;Function;562553;Hazard;562576;Cause;562577;Measure
692;562334;Chapter;562490;Function;562578;Hazard;562579;Cause;562580;Measure
693;562334;Chapter;562490;Function;562578;Hazard;562581;Cause;562582;Measure
694;562334;Chapter;562490;Function;562578;Hazard;562583;Cause;562584;Measure
695;562334;Chapter;562490;Function;562578;Hazard;562586;Cause;562587;Measure
696;562334;Chapter;562490;Function;562578;Hazard;562588;Cause;562589;Measure
697;562334;Chapter;562490;Function;562578;Hazard;562588;Cause;562590;Measure
698;562334;Chapter;562490;Function;562578;Hazard;562591;Cause;562592;Measure
699;562334;Chapter;562490;Function;562578;Hazard;562593;Cause;562594;Measure
700;562334;Chapter;562490;Function;562578;Hazard;562595;Cause;562596;Measure
701;562334;Chapter;562490;Function;562578;Hazard;562599;Cause;562600;Measure
702;562334;Chapter;562490;Function;562578;Hazard;562601;Cause;562602;Measure
703;562334;Chapter;562490;Function;562578;Hazard;562603;Cause;562604;Measure
704;562334;Chapter;562490;Function;562578;Hazard;562605;Cause;562606;Measure
705;562334;Chapter;562490;Function;562578;Hazard;562607;Cause;562608;Measure
706;562334;Chapter;562490;Function;562578;Hazard;562607;Cause;562609;Measure
707;562334;Chapter;562490;Function;562610;Hazard;562611;Cause;562612;Measure
708;562334;Chapter;562490;Function;562610;Hazard;562611;Cause;562613;Measure
709;562334;Chapter;562490;Function;562610;Hazard;562614;Cause;569132;Measure
710;562334;Chapter;562490;Function;562610;Hazard;562614;Cause;578317;Measure
711;562334;Chapter;562490;Function;562610;Hazard;562616;Cause;562617;Measure
712;562334;Chapter;562490;Function;562618;Hazard;562619;Cause;562620;Measure
713;562334;Chapter;562490;Function;562618;Hazard;562621;Cause;562622;Measure
714;562334;Chapter;562490;Function;580664;Hazard;580665;Cause;580666;Measure
715;562334;Chapter;562490;Function;580664;Hazard;580665;Cause;581162;Measure
716;562334;Chapter;562490;Function;580664;Hazard;580665;Cause;581195;Measure
717;562334;Chapter;562490;Function;562623;Hazard;562624;Cause;562625;Measure
718;562334;Chapter;562490;Function;562623;Hazard;581193;Cause;581194;Measure
719;562334;Chapter;562490;Function;562623;Hazard;581193;Cause;595189;Measure
720;562334;Chapter;562490;Function;562626;Hazard;562627;Cause;568834;Measure
721;562334;Chapter;562490;Function;562626;Hazard;562627;Cause;568835;Measure
722;562334;Chapter;562490;Function;562626;Hazard;562627;Cause;596894;Measure
723;562334;Chapter;562490;Function;562629;Hazard;562630;Cause;562631;Measure
724;562334;Chapter;562490;Function;562632;Hazard;562633;Cause;562634;Measure
725;562334;Chapter;562490;Function;562635;Hazard;562636;Cause;562637;Measure
726;562334;Chapter;562490;Function;562635;Hazard;562636;Cause;599844;Measure
727;562334;Chapter;562490;Function;562635;Hazard;562638;Cause;562639;Measure
728;562334;Chapter;562490;Function;562635;Hazard;562640;Cause;562641;Measure
729;562334;Chapter;562490;Function;562635;Hazard;562640;Cause;562642;Measure
730;562334;Chapter;562643;Function;562644;Hazard;562645;Cause;562646;Measure
731;562334;Chapter;562647;Function;562648;Hazard;562649;Cause;562650;Measure
732;562334;Chapter;562647;Function;562651;Hazard;562652;Cause;562653;Measure
733;562334;Chapter;562654;Function;562655;Hazard;562656;Cause;562657;Measure
734;562334;Chapter;562658;Function;562659;Hazard;562660;Cause;562661;Measure
735;562334;Chapter;562658;Function;562659;Hazard;562660;Cause;562662;Measure
736;562334;Chapter;562658;Function;562659;Hazard;562660;Cause;562663;Measure
737;562334;Chapter;562658;Function;562659;Hazard;562660;Cause;562664;Measure
738;562334;Chapter;562658;Function;562659;Hazard;562660;Cause;562665;Measure
739;562334;Chapter;562658;Function;562659;Hazard;562660;Cause;562666;Measure
740;562334;Chapter;562658;Function;562659;Hazard;562660;Cause;569295;Measure
741;562334;Chapter;562658;Function;562659;Hazard;562660;Cause;569296;Measure
742;562334;Chapter;562658;Function;562659;Hazard;562660;Cause;569238;Measure
743;562334;Chapter;562658;Function;562659;Hazard;562667;Cause;562668;Measure
744;562334;Chapter;562658;Function;562669;Hazard;562670;Cause;562671;Measure
745;562334;Chapter;562658;Function;562669;Hazard;562672;Cause;562673;Measure
746;562334;Chapter;562658;Function;562669;Hazard;562672;Cause;568855;Measure
747;562334;Chapter;562658;Function;562674;Hazard;562675;Cause;562676;Measure
748;562334;Chapter;562658;Function;562674;Hazard;562675;Cause;562677;Measure
749;562334;Chapter;562678;Function;562679;Hazard;562680;Cause;562681;Measure
750;562334;Chapter;562678;Function;562679;Hazard;562680;Cause;562682;Measure
751;562334;Chapter;562678;Function;562679;Hazard;562680;Cause;569126;Measure
752;562334;Chapter;562678;Function;562679;Hazard;562680;Cause;569127;Measure
753;562334;Chapter;562678;Function;562679;Hazard;562680;Cause;569128;Measure
754;562334;Chapter;562683;Function;562684;Hazard;562685;Cause;562686;Measure
755;562334;Chapter;562687;Function;562688;Hazard;562689;Cause;562690;Measure
756;562334;Chapter;562687;Function;562688;Hazard;562691;Cause;562692;Measure
757;562334;Chapter;562693;Function;562694;Hazard;562695;Cause;562696;Measure
758;562334;Chapter;562697;Function;562698;Hazard;562707;Cause;562708;Measure
759;562334;Chapter;562697;Function;562709;Hazard;562710;Cause;562711;Measure
760;562334;Chapter;562697;Function;562709;Hazard;562710;Cause;562712;Measure
761;562334;Chapter;562713;Function;562714;Hazard;562715;Cause;562716;Measure
762;562334;Chapter;562713;Function;562714;Hazard;562715;Cause;562717;Measure
763;562334;Chapter;562713;Function;562714;Hazard;562718;Cause;562719;Measure
764;562334;Chapter;562713;Function;562714;Hazard;562718;Cause;569225;Measure
765;562334;Chapter;562713;Function;562714;Hazard;562718;Cause;562721;Measure
766;562334;Chapter;562713;Function;562714;Hazard;562718;Cause;562722;Measure
767;562334;Chapter;562713;Function;562714;Hazard;562718;Cause;562723;Measure
768;562334;Chapter;562713;Function;562714;Hazard;562718;Cause;562724;Measure
769;562334;Chapter;562713;Function;562714;Hazard;562725;Cause;562726;Measure
770;562334;Chapter;562713;Function;562714;Hazard;562725;Cause;562727;Measure
771;562334;Chapter;562713;Function;562714;Hazard;562728;Cause;562729;Measure
772;562334;Chapter;562713;Function;562714;Hazard;562728;Cause;578746;Measure
773;562334;Chapter;562713;Function;562714;Hazard;562728;Cause;562731;Measure
774;562334;Chapter;562713;Function;562714;Hazard;562728;Cause;562732;Measure
775;562334;Chapter;562713;Function;562714;Hazard;562728;Cause;562733;Measure
776;562334;Chapter;562713;Function;562714;Hazard;562728;Cause;562734;Measure
777;562334;Chapter;562735;Function;562736;Hazard;562737;Cause;562738;Measure
778;562334;Chapter;562735;Function;562739;Hazard;562740;Cause;562741;Measure
779;562334;Chapter;562742;Function;562743;Hazard;562744;Cause;562745;Measure
780;562334;Chapter;562746;Function;562747;Hazard;562748;Cause;562749;Measure
781;562334;Chapter;562746;Function;562747;Hazard;562748;Cause;562750;Measure
782;562334;Chapter;562746;Function;562747;Hazard;562748;Cause;562751;Measure
783;562334;Chapter;562746;Function;562747;Hazard;562748;Cause;562752;Measure
784;562334;Chapter;562746;Function;562753;Hazard;562754;Cause;562755;Measure
785;562334;Chapter;562756;Function;562757;Hazard;562758;Cause;562759;Measure
786;562334;Chapter;562760;Function;562761;Hazard;562762;Cause;562763;Measure
787;562334;Chapter;562760;Function;562761;Hazard;562762;Cause;562764;Measure
788;562334;Chapter;562765;Function;562766;Hazard;562767;Cause;562768;Measure
789;562334;Chapter;562765;Function;562766;Hazard;562767;Cause;562769;Measure
790;562334;Chapter;562765;Function;562770;Hazard;562771;Cause;562772;Measure
791;562334;Chapter;562765;Function;562770;Hazard;562773;Cause;562774;Measure
792;562334;Chapter;562765;Function;562775;Hazard;562776;Cause;562777;Measure
793;562334;Chapter;562765;Function;562775;Hazard;562776;Cause;562778;Measure
794;562334;Chapter;562779;Function;562780;Hazard;562781;Cause;562782;Measure
795;562334;Chapter;562783;Function;562784;Hazard;562785;Cause;562786;Measure
796;562334;Chapter;562783;Function;562784;Hazard;562785;Cause;562787;Measure
797;562334;Chapter;562783;Function;562784;Hazard;562788;Cause;562789;Measure
798;562334;Chapter;562790;Function;562791;Hazard;562792;Cause;562793;Measure
799;562334;Chapter;562794;Function;562795;Hazard;562796;Cause;562797;Measure
800;562334;Chapter;562794;Function;562795;Hazard;562796;Cause;562798;Measure
801;562334;Chapter;562794;Function;562795;Hazard;562796;Cause;562799;Measure
802;562334;Chapter;562794;Function;573393;Hazard;573394;Cause;573395;Measure
803;562334;Chapter;562794;Function;573393;Hazard;573394;Cause;573396;Measure
804;562334;Chapter;562794;Function;573393;Hazard;573394;Cause;573397;Measure
805;562334;Chapter;562800;Function;562801;Hazard;562802;Cause;562803;Measure
806;562334;Chapter;562804;Function;562805;Hazard;562806;Cause;562807;Measure
807;562334;Chapter;562808;Function;562809;Hazard;562810;Cause;562811;Measure
808;562334;Chapter;562808;Function;562809;Hazard;562810;Cause;562812;Measure
809;562334;Chapter;562808;Function;562809;Hazard;562813;Cause;562814;Measure
810;562334;Chapter;562808;Function;562809;Hazard;562813;Cause;569130;Measure
811;562334;Chapter;562808;Function;562815;Hazard;562816;Cause;562817;Measure
812;562334;Chapter;562808;Function;562815;Hazard;562816;Cause;562818;Measure
813;562334;Chapter;562808;Function;562815;Hazard;562816;Cause;562819;Measure
814;562334;Chapter;562820;Function;562821;Hazard;562822;Cause;562823;Measure
815;562334;Chapter;562820;Function;562821;Hazard;562822;Cause;562824;Measure
816;562334;Chapter;562820;Function;562821;Hazard;562822;Cause;562825;Measure
817;562334;Chapter;562820;Function;562826;Hazard;562827;Cause;562828;Measure
818;562334;Chapter;562829;Function;562830;Hazard;562831;Cause;562832;Measure
819;562334;Chapter;562833;Function;562830;Hazard;562831;Cause;562834;Measure
820;562334;Chapter;562835;Function;562830;Hazard;562831;Cause;562836;Measure
821;562334;Chapter;562837;Function;562830;Hazard;562831;Cause;562838;Measure
822;562334;Chapter;562839;Function;562830;Hazard;562831;Cause;562840;Measure
823;562334;Chapter;562841;Function;562830;Hazard;562831;Cause;562842;Measure
824;562334;Chapter;562843;Function;562830;Hazard;562831;Cause;562844;Measure
825;562334;Chapter;562845;Function;562830;Hazard;562831;Cause;562846;Measure
826;562334;Chapter;562847;Function;562830;Hazard;562831;Cause;562848;Measure
827;562334;Chapter;562849;Function;562830;Hazard;562831;Cause;562850;Measure
828;562334;Chapter;562851;Function;562830;Hazard;562831;Cause;562852;Measure
829;562334;Chapter;562853;Function;562830;Hazard;562831;Cause;562854;Measure
830;562334;Chapter;562855;Function;562830;Hazard;562831;Cause;562856;Measure
831;562334;Chapter;562855;Function;562852;Hazard;562853;Cause;562854;Measure
832;562334;Chapter;562855;Function;562852;Hazard;562853;Cause;562855;Measure
833;562334;Chapter;562856;Function;562857;Hazard;562858;Cause;562865;Measure
834;562334;Chapter;562856;Function;562857;Hazard;562858;Cause;562866;Measure
835;562334;Chapter;562867;Function;562868;Hazard;562869;Cause;562870;Measure
836;562334;Chapter;562871;Function;562872;Hazard;562873;Cause;562874;Measure
837;562334;Chapter;562875;Function;562876;Hazard;562877;Cause;562878;Measure
838;562334;Chapter;562879;Function;562880;Hazard;562881;Cause;562882;Measure
839;562334;Chapter;562883;Function;562884;Hazard;562885;Cause;562886;Measure
840;562334;Chapter;562883;Function;562884;Hazard;562885;Cause;569129;Measure
841;562334;Chapter;562887;Function;562888;Hazard;562889;Cause;562890;Measure
842;562334;Chapter;562891;Function;562892;Hazard;562893;Cause;562894;Measure
843;562334;Chapter;562895;Function;562896;Hazard;562897;Cause;562898;Measure
844;562334;Chapter;562899;Function;562900;Hazard;562901;Cause;562902;Measure
845;562334;Chapter;562903;Function;562904;Hazard;562905;Cause;562906;Measure
846;562334;Chapter;562907;Function;562908;Hazard;562909;Cause;562910;Measure
847;562334;Chapter;562911;Function;562912;Hazard;562913;Cause;562914;Measure
848;562334;Chapter;562915;Function;562916;Hazard;562917;Cause;562918;Measure
849;562334;Chapter;562919;Function;562920;Hazard;562921;Cause;562922;Measure
850;562334;Chapter;562923;Function;562924;Hazard;562925;Cause;562926;Measure
851;562334;Chapter;562923;Function;562924;Hazard;562925;Cause;562927;Measure
852;562334;Chapter;562923;Function;562924;Hazard;562928;Cause;562929;Measure
853;562334;Chapter;562923;Function;562930;Hazard;562931;Cause;562932;Measure
854;562334;Chapter;562923;Function;562933;Hazard;562934;Cause;562935;Measure
855;562334;Chapter;562923;Function;562933;Hazard;562934;Cause;562936;Measure
856;562334;Chapter;562923;Function;562933;Hazard;562934;Cause;562937;Measure
857;562334;Chapter;562923;Function;562933;Hazard;562934;Cause;562938;Measure
858;562334;Chapter;562923;Function;562933;Hazard;562934;Cause;562939;Measure
859;562334;Chapter;562923;Function;562940;Hazard;562941;Cause;562942;Measure
860;562334;Chapter;562923;Function;562943;Hazard;562944;Cause;562945;Measure
861;562334;Chapter;562923;Function;562946;Hazard;562947;Cause;562948;Measure
862;562334;Chapter;562949;Function;562950;Hazard;562951;Cause;562952;Measure
863;562334;Chapter;562949;Function;562950;Hazard;562951;Cause;562953;Measure
864;562334;Chapter;562949;Function;562950;Hazard;562954;Cause;562955;Measure
865;562334;Chapter;562949;Function;562950;Hazard;562954;Cause;562956;Measure
866;562334;Chapter;562949;Function;562957;Hazard;562958;Cause;562959;Measure
867;562334;Chapter;562949;Function;562957;Hazard;562958;Cause;562961;Measure
868;562334;Chapter;562949;Function;562962;Hazard;562963;Cause;562964;Measure
869;562334;Chapter;562949;Function;562962;Hazard;562965;Cause;562966;Measure
870;562334;Chapter;562967;Function;562968;Hazard;562969;Cause;562970;Measure
871;562334;Chapter;562967;Function;562971;Hazard;562972;Cause;562973;Measure
872;562334;Chapter;562967;Function;562971;Hazard;562974;Cause;562975;Measure
873;562334;Chapter;562967;Function;562971;Hazard;562976;Cause;562977;Measure
874;562334;Chapter;562967;Function;562971;Hazard;562978;Cause;562979;Measure
875;562334;Chapter;562967;Function;562971;Hazard;562980;Cause;562981;Measure
876;562334;Chapter;562967;Function;562971;Hazard;562980;Cause;562982;Measure
877;562334;Chapter;562967;Function;562971;Hazard;562983;Cause;562984;Measure
878;562334;Chapter;562967;Function;562971;Hazard;562983;Cause;562985;Measure
879;562334;Chapter;562967;Function;562971;Hazard;562983;Cause;562986;Measure
880;562334;Chapter;562967;Function;562971;Hazard;562987;Cause;562988;Measure
881;562334;Chapter;562967;Function;562971;Hazard;562987;Cause;562989;Measure
882;562334;Chapter;562990;Function;562991;Hazard;562992;Cause;562993;Measure
883;562334;Chapter;562990;Function;562994;Hazard;562995;Cause;562996;Measure
884;562334;Chapter;562990;Function;562994;Hazard;562997;Cause;562998;Measure
885;562334;Chapter;562990;Function;562994;Hazard;562999;Cause;563000;Measure
886;562334;Chapter;562990;Function;563001;Hazard;563002;Cause;563003;Measure
887;562334;Chapter;562990;Function;563001;Hazard;563002;Cause;563004;Measure
888;562334;Chapter;562990;Function;563005;Hazard;563006;Cause;563007;Measure
889;562334;Chapter;562990;Function;563008;Hazard;563009;Cause;563010;Measure
890;562334;Chapter;562990;Function;563008;Hazard;563009;Cause;563011;Measure
891;562334;Chapter;562990;Function;563012;Hazard;563013;Cause;563014;Measure
892;562334;Chapter;562990;Function;563015;Hazard;563016;Cause;563017;Measure
893;562334;Chapter;562990;Function;563019;Hazard;563020;Cause;563021;Measure
894;562334;Chapter;562990;Function;563019;Hazard;563022;Cause;563023;Measure
895;562334;Chapter;562990;Function;563019;Hazard;563024;Cause;563025;Measure
896;562334;Chapter;562990;Function;563026;Hazard;563027;Cause;563028;Measure
897;562334;Chapter;562990;Function;563026;Hazard;563027;Cause;563029;Measure
898;562334;Chapter;562990;Function;563033;Hazard;563034;Cause;563035;Measure
899;562334;Chapter;562990;Function;563036;Hazard;563037;Cause;563038;Measure
900;562334;Chapter;562990;Function;563039;Hazard;563040;Cause;563041;Measure
901;562334;Chapter;562990;Function;563039;Hazard;563040;Cause;563042;Measure
902;562334;Chapter;563043;Function;563044;Hazard;563045;Cause;563046;Measure
903;562334;Chapter;563043;Function;563047;Hazard;563048;Cause;563049;Measure
904;562334;Chapter;563043;Function;563047;Hazard;563048;Cause;563050;Measure
905;562334;Chapter;563043;Function;563051;Hazard;563052;Cause;563053;Measure
906;562334;Chapter;563043;Function;563051;Hazard;563054;Cause;563055;Measure
907;562334;Chapter;563043;Function;563051;Hazard;563056;Cause;563057;Measure
908;562334;Chapter;563043;Function;563051;Hazard;563056;Cause;563058;Measure
909;562334;Chapter;563043;Function;563051;Hazard;563059;Cause;563060;Measure
910;562334;Chapter;563043;Function;563061;Hazard;563062;Cause;563063;Measure
911;562334;Chapter;563043;Function;563064;Hazard;563065;Cause;563066;Measure
912;562334;Chapter;563043;Function;563064;Hazard;563065;Cause;563067;Measure
913;562334;Chapter;563043;Function;563064;Hazard;563068;Cause;563069;Measure
914;562334;Chapter;563043;Function;563064;Hazard;563070;Cause;563071;Measure
915;562334;Chapter;563043;Function;563072;Hazard;563073;Cause;563074;Measure
916;562334;Chapter;563043;Function;563072;Hazard;563075;Cause;563076;Measure
917;562334;Chapter;563043;Function;563072;Hazard;563075;Cause;563077;Measure
918;562334;Chapter;563078;Function;563079;Hazard;563080;Cause;563081;Measure
919;562334;Chapter;563078;Function;563082;Hazard;563083;Cause;563084;Measure
920;562334;Chapter;563085;Function;563086;Hazard;563087;Cause;563088;Measure
921;562334;Chapter;563085;Function;563086;Hazard;563087;Cause;563089;Measure
922;562334;Chapter;563085;Function;563086;Hazard;563087;Cause;563090;Measure
923;562334;Chapter;563085;Function;563086;Hazard;563087;Cause;563091;Measure
924;562334;Chapter;563085;Function;563086;Hazard;563092;Cause;563093;Measure
925;562334;Chapter;563085;Function;563094;Hazard;563095;Cause;563096;Measure
926;562334;Chapter;563085;Function;563097;Hazard;563098;Cause;563099;Measure
927;562334;Chapter;563085;Function;563097;Hazard;563100;Cause;563101;Measure
928;562334;Chapter;563085;Function;563097;Hazard;563100;Cause;563102;Measure
929;563103;Chapter;563104;Function;563105;Hazard;563106;Cause;563107;Measure
930;563103;Chapter;563104;Function;563105;Hazard;563108;Cause;563109;Measure
931;563103;Chapter;563110;Function;563111;Hazard;563112;Cause;563113;Measure
932;563103;Chapter;563110;Function;563111;Hazard;563120;Cause;563121;Measure
933;563103;Chapter;563110;Function;563111;Hazard;563120;Cause;563122;Measure
934;563103;Chapter;563123;Function;563124;Hazard;563125;Cause;563128;Measure
935;563103;Chapter;563123;Function;563129;Hazard;563130;Cause;563131;Measure
936;563103;Chapter;563132;Function;563133;Hazard;563134;Cause;563135;Measure
937;563103;Chapter;563132;Function;563139;Hazard;563140;Cause;563141;Measure
938;563103;Chapter;563132;Function;563142;Hazard;563143;Cause;563144;Measure
939;563103;Chapter;563132;Function;563145;Hazard;563146;Cause;563147;Measure
940;563103;Chapter;563132;Function;563148;Hazard;563149;Cause;563150;Measure
941;563103;Chapter;563151;Function;563152;Hazard;563153;Cause;563154;Measure
942;563103;Chapter;563151;Function;563152;Hazard;563153;Cause;563155;Measure
943;563103;Chapter;563151;Function;563152;Hazard;563153;Cause;563156;Measure
944;563103;Chapter;563151;Function;563152;Hazard;563157;Cause;563158;Measure
945;563103;Chapter;563151;Function;563152;Hazard;563157;Cause;563159;Measure
946;563103;Chapter;563160;Function;563161;Hazard;563162;Cause;563163;Measure
947;563103;Chapter;563164;Function;563165;Hazard;563166;Cause;563167;Measure
948;563103;Chapter;563168;Function;563169;Hazard;563170;Cause;563171;Measure
949;563103;Chapter;563172;Function;563173;Hazard;563174;Cause;563175;Measure
950;563103;Chapter;563176;Function;563177;Hazard;563178;Cause;563179;Measure
951;563103;Chapter;563176;Function;563180;Hazard;563181;Cause;563182;Measure
952;563103;Chapter;563176;Function;563180;Hazard;563183;Cause;563184;Measure
953;563103;Chapter;563185;Function;563186;Hazard;563187;Cause;563188;Measure
954;563103;Chapter;563189;Function;563190;Hazard;563191;Cause;563192;Measure
955;563103;Chapter;563193;Function;563194;Hazard;563195;Cause;563196;Measure
956;563103;Chapter;563193;Function;563197;Hazard;563198;Cause;563199;Measure
957;563103;Chapter;563193;Function;563197;Hazard;563198;Cause;563200;Measure
958;563103;Chapter;563193;Function;563197;Hazard;563201;Cause;563202;Measure
959;563103;Chapter;563193;Function;563197;Hazard;563201;Cause;563203;Measure
960;563103;Chapter;563193;Function;563197;Hazard;563201;Cause;563204;Measure
961;563103;Chapter;563193;Function;563205;Hazard;563206;Cause;563207;Measure
962;563103;Chapter;563208;Function;563209;Hazard;563210;Cause;563211;Measure
963;563103;Chapter;563208;Function;563209;Hazard;563210;Cause;563212;Measure
964;563103;Chapter;563213;Function;563214;Hazard;563215;Cause;563216;Measure
965;563103;Chapter;563213;Function;563214;Hazard;563215;Cause;580671;Measure
966;563103;Chapter;563213;Function;563214;Hazard;563217;Cause;563218;Measure
967;563103;Chapter;563213;Function;563219;Hazard;563220;Cause;563221;Measure
968;563222;Chapter;563223;Function;563224;Hazard;563225;Cause;563226;Measure
969;563222;Chapter;563223;Function;563224;Hazard;563225;Cause;563227;Measure
970;563222;Chapter;563223;Function;563228;Hazard;563229;Cause;563230;Measure
971;563222;Chapter;563223;Function;563228;Hazard;563231;Cause;563232;Measure
972;563222;Chapter;563223;Function;563228;Hazard;563233;Cause;563234;Measure
973;563222;Chapter;563223;Function;563235;Hazard;563236;Cause;563237;Measure
974;563222;Chapter;563238;Function;563239;Hazard;563240;Cause;563241;Measure
975;563222;Chapter;563238;Function;563239;Hazard;563242;Cause;563243;Measure
976;563222;Chapter;563238;Function;563239;Hazard;563244;Cause;563245;Measure
977;563222;Chapter;563246;Function;563247;Hazard;563248;Cause;563249;Measure
978;563250;Chapter;563251;Function;563252;Hazard;563253;Cause;563254;Measure
979;563250;Chapter;563263;Function;563264;Hazard;563265;Cause;563266;Measure
980;563250;Chapter;563263;Function;563264;Hazard;563265;Cause;563267;Measure
981;563250;Chapter;563268;Function;563269;Hazard;563270;Cause;563271;Measure
982;563250;Chapter;563268;Function;563269;Hazard;563270;Cause;563272;Measure
983;563250;Chapter;563268;Function;563269;Hazard;563270;Cause;563273;Measure
984;563250;Chapter;563268;Function;563274;Hazard;563275;Cause;563276;Measure
985;563250;Chapter;563268;Function;563274;Hazard;563275;Cause;563277;Measure
986;563250;Chapter;563268;Function;563278;Hazard;563279;Cause;563280;Measure
987;563250;Chapter;563268;Function;563278;Hazard;563279;Cause;596998;Measure
988;563250;Chapter;563268;Function;563278;Hazard;563279;Cause;563282;Measure
989;563250;Chapter;563268;Function;563278;Hazard;563283;Cause;563284;Measure
990;563250;Chapter;563268;Function;563278;Hazard;563283;Cause;563285;Measure
991;563250;Chapter;563268;Function;563278;Hazard;563283;Cause;563286;Measure
992;563250;Chapter;563268;Function;563278;Hazard;580657;Cause;580658;Measure
993;563250;Chapter;563268;Function;563278;Hazard;580657;Cause;580659;Measure
994;563250;Chapter;563268;Function;563287;Hazard;563288;Cause;563289;Measure
995;563250;Chapter;563268;Function;563287;Hazard;563288;Cause;563290;Measure
996;563250;Chapter;563268;Function;563287;Hazard;563288;Cause;596995;Measure
997;563250;Chapter;563268;Function;563291;Hazard;563292;Cause;563293;Measure
998;563250;Chapter;563268;Function;563291;Hazard;563292;Cause;563294;Measure
999;563250;Chapter;563268;Function;563295;Hazard;563296;Cause;563297;Measure
1000;563250;Chapter;563298;Function;563299;Hazard;563300;Cause;563301;Measure
1001;563250;Chapter;563298;Function;563299;Hazard;563300;Cause;563302;Measure
1002;563250;Chapter;563298;Function;563303;Hazard;563304;Cause;563305;Measure
1003;563250;Chapter;563298;Function;563306;Hazard;563307;Cause;563308;Measure
1004;563250;Chapter;563298;Function;563309;Hazard;563310;Cause;563311;Measure
1005;563250;Chapter;563298;Function;563309;Hazard;563312;Cause;563313;Measure
1006;563250;Chapter;563298;Function;563309;Hazard;563314;Cause;563315;Measure
1007;563250;Chapter;563298;Function;563309;Hazard;563316;Cause;563317;Measure
1008;563250;Chapter;563298;Function;563309;Hazard;563318;Cause;563319;Measure
1009;563250;Chapter;563298;Function;563309;Hazard;563318;Cause;563320;Measure
1010;563250;Chapter;563298;Function;563321;Hazard;563322;Cause;563323;Measure
1011;563250;Chapter;563298;Function;563321;Hazard;563324;Cause;563325;Measure
1012;563250;Chapter;563298;Function;563326;Hazard;563327;Cause;563329;Measure
1013;563250;Chapter;563298;Function;563326;Hazard;563331;Cause;563332;Measure
1014;563250;Chapter;563298;Function;563333;Hazard;563334;Cause;563335;Measure
1015;563250;Chapter;563336;Function;563337;Hazard;563338;Cause;563339;Measure
1016;563250;Chapter;563336;Function;563337;Hazard;563338;Cause;563340;Measure
1017;563250;Chapter;563336;Function;563337;Hazard;563338;Cause;563341;Measure
1018;563250;Chapter;563336;Function;563342;Hazard;563343;Cause;563344;Measure
1019;563250;Chapter;563336;Function;563342;Hazard;563345;Cause;563346;Measure
1020;563250;Chapter;563336;Function;563342;Hazard;563345;Cause;563347;Measure
1021;563250;Chapter;563336;Function;563342;Hazard;563345;Cause;563348;Measure
1022;563250;Chapter;563336;Function;563349;Hazard;563350;Cause;563351;Measure
1023;563353;Chapter;563354;Function;563355;Hazard;563356;Cause;563357;Measure
1024;563353;Chapter;563358;Function;563359;Hazard;563360;Cause;563361;Measure
1025;563353;Chapter;563358;Function;563362;Hazard;563363;Cause;563364;Measure
1026;563353;Chapter;563365;Function;578701;Hazard;578702;Cause;578703;Measure
1027;563353;Chapter;563366;Function;578704;Hazard;578705;Cause;578706;Measure
1028;563353;Chapter;563367;Function;578707;Hazard;578708;Cause;578709;Measure
1029;563353;Chapter;563368;Function;578710;Hazard;578711;Cause;578712;Measure
